title,year,language,localization,episode_number,season_id
The best of riverdance,1959,Navajo,Mauritius,15,146
Danielle steel's vanished,2019,Quechua,Monaco,13,245
Live from shiva's dance floor,2013,Kinyarwanda,Guinea,23,101
The notebook,1965,Sichuan Yi,Luxembourg,8,179
The wiggles: yummy yummy,1931,Igbo,Ghana,20,99
Elvis costello & the imposters: live in memphis,2014,Ndonga,Anguilla,15,251
Drake and josh: vol. 1: suddenly brothers,1976,Faroese,Cambodia,7,26
Hangin' with the homeboys,1937,Twi,Mongolia,24,257
Anastasia,2010,Avaric,Nauru,25,292
Cops & robbersons,1938,Persian,Greenland,14,277
Battlestar galactica: complete epic series,1991,Corsican,French Southern Territories,1,197
The pornographers,1958,Sichuan Yi,Saint Pierre and Miquelon,19,18
Ace ventura: the case of the serial shaver: multipath adventure,1994,Yiddish,Nepal,13,218
Sunset story,2013,Venda,Poland,2,264
Jakob the liar,1956,Kongo,Kyrgyz Republic,24,246
The unsinkable molly brown,1997,Avaric,Nauru,25,17
Contempt,1936,Malay,Argentina,16,219
Bellydance fitness for beginners: arms,1999,Yiddish,Nepal,1,262
The jamie kennedy experiment: season 1,1998,Ukrainian,Saint Barthelemy,14,33
The memoirs of sherlock holmes,1934,Lao,Jersey,13,1
National geographic: dinosaur hunters: secrets of the gobi desert,1967,Gujarati,Pitcairn Islands,9,284
Black moon rising,1990,Yiddish,Nepal,10,75
Ma vie en rose,1993,Corsican,French Southern Territories,18,197
Stoked: the rise and fall of gator,2013,Walloon,Ireland,18,190
Pink narcissus,1923,Twi,Hong Kong,19,158
Return of the vampire,1923,Tibetan,Saint Martin,12,224
Yoga sculpting,1996,Xhosa,Rwanda,6,235
In living color: season 1,1984,Marathi,Poland,23,115
Return to horror high,1967,Fulah,Montenegro,7,269
Red shoe diaries: temple of flesh,1995,Xhosa,Rwanda,18,156
The brady bunch: season 1,1912,Swahili,Papua New Guinea,13,291
Virtuosity,1910,Swahili,Papua New Guinea,11,195
Private lives,2012,Quechua,Monaco,2,108
Millennium: season 3,1976,Twi,Mongolia,11,90
Far from home: the adventures of yellow dog,2010,Mongolian,Ecuador,4,107
Midsomer murders: death's shadow,1991,Chuvash,United States Virgin Islands,16,288
Clarissa,1976,Polish,Bulgaria,18,132
Tony bennett's wonderful world: live in san francisco,1967,Bashkir,Reunion,13,233
Hear no evil,1930,Kannada,Philippines,19,177
Decasia: the state of decay,1988,Kongo,Kyrgyz Republic,6,246
Miss congeniality 2: armed and fabulous,1989,Yiddish,Nepal,5,262
Original gangstas,1949,Rundi,Puerto Rico,13,276
Undesirable,2011,Sinhala,Zambia,25,166
Two of us,2018,Marathi,Vanuatu,3,196
Camp cucamonga,1981,Sichuan Yi,Saint Pierre and Miquelon,2,137
Grand champion,1980,Faroese,Cambodia,3,167
Monarch of the glen: series 2,2021,Abkhazian,Antigua and Barbuda,6,32
The visit,2007,Wolof,Sierra Leone,7,87
Campion: sweet danger,2009,Mongolian,Ecuador,4,111
Super mario bros.,1966,Gujarati,Pitcairn Islands,17,126
Firetrap,1934,Oromo,Mongolia,18,9
Aquanoids,1912,Swahili,Papua New Guinea,1,195
Killing grounds,1933,Hiri Motu,Marshall Islands,25,169
The apple dumpling gang rides again,2019,Armenian,Iceland,20,35
The duel at silver creek,2019,Marathi,Vanuatu,21,300
Why the towers fell: nova,1984,Pali,Dominican Republic,16,124
Parallel sons,2003,Ndonga,Anguilla,8,139
Wwe: no way out,1955,Twi,Mongolia,3,281
Relative values,1998,Ossetian,Georgia,11,182
November moon,1955,Javanese,Saint Vincent and the Grenadines,13,127
Peace one day,1970,Tamil,Bermuda,13,175
The story of jesus for children,1985,Polish,Bulgaria,23,80
A wedding for bella,1972,Indonesian,Seychelles,2,231
Iron & silk,2022,Armenian,Iceland,7,28
The sid caesar collection: inside the writer's room,1959,Tatar,Cayman Islands,2,129
The dead hate the living,1985,Marathi,Tokelau,24,41
Barbarella,2007,Ndonga,Anguilla,6,251
When the sky falls,1992,Yiddish,Nepal,14,174
The beatles: celebration,2014,Haitian,Romania,1,45
Bjork: mtv: unplugged & live,1938,Malay,Argentina,20,15
Last dance,1932,Persian,Greenland,15,209
Tokyo raiders,1967,Twi,Mongolia,7,90
Leading man,1995,Sichuan Yi,Luxembourg,25,263
Our america,1960,Tatar,Cayman Islands,2,11
24: season 3,1921,Tibetan,Saint Martin,16,217
The knights templar,1967,Gujarati,Pitcairn Islands,23,284
James' journey to jerusalem,1973,Twi,Mongolia,20,257
Anna in kung fu land,2021,"Sotho, Southern",Russian Federation,24,171
The discreet charm of the bourgeoisie,1942,Twi,Mongolia,21,90
Fallen angel,1992,Faroese,Cambodia,2,26
Bulletproof,1958,Sardinian,Czech Republic,20,178
Indictment: the mcmartin trial,2005,Slovak,Saint Kitts and Nevis,16,258
Dangerous child,1932,Hiri Motu,Marshall Islands,12,214
Grown ups,1952,Twi,Mongolia,19,64
Kaze no yojimbo,1950,Javanese,Saint Vincent and the Grenadines,18,203
Metropolis,2020,Nepali,Cook Islands,8,123
Rolling kansas,2002,Avaric,Nauru,17,133
Jackie chan's project a,1922,Tibetan,Saint Martin,11,224
Van halen live: right here,2015,Venda,Poland,20,79
Commandments,2003,Quechua,Monaco,8,125
The hee haw collection: vol. 2,1912,Swahili,Papua New Guinea,18,145
Chemmeen: malayalam,1999,Slovak,Saint Kitts and Nevis,13,142
Delta force one: the lost patrol,1991,Yiddish,Nepal,14,262
The gun in betty lou's handbag,1910,Swahili,Papua New Guinea,9,60
Outrage,1925,Kannada,Philippines,16,177
Prison a-go-go!,2021,Nepali,Cook Islands,21,279
Night patrol,1968,Gujarati,Pitcairn Islands,21,140
Star trek: the next generation: season 7,2014,Afrikaans,Svalbard & Jan Mayen Islands,25,118
Demon slayer,1968,Turkish,Cape Verde,23,255
Tremors 2: aftershocks,1998,Sichuan Yi,Liechtenstein,3,200
Queen: greatest video hits 1,1944,Sichuan Yi,Saint Pierre and Miquelon,3,131
Science of the swastika,1999,Yiddish,Nepal,4,96
Million dollar baby: bonus material,1982,Xhosa,Rwanda,15,235
Pandora and the flying dutchman,2021,Abkhazian,Antigua and Barbuda,9,267
Battle athletes victory: vol. 3: tragedy & triumph,1967,Bambara,Bhutan,6,157
Hellfighters,1989,Bashkir,Reunion,15,189
Curly top,2014,Haitian,Romania,8,283
Michael jackson: dangerous: the short films,1991,Yiddish,Nepal,1,75
My father,2002,Hausa,Turkey,4,50
Michael flatley: gold,1940,Nauru,Taiwan,12,16
Jewel: live at humphrey's by the bay,1961,Fulah,Montenegro,20,29
The guyver,1969,Serbian,Benin,21,138
Peyton place,1907,Twi,Hong Kong,21,158
A night in the life of jimmy reardon,2004,Slovak,Saint Kitts and Nevis,6,142
Gone with the wind: collector's edition,1991,Bashkir,Reunion,15,189
B.b. king: the jazz channel presents: bet on jazz,1937,Bashkir,Nauru,25,206
Prime suspect 1,2019,Marathi,Vanuatu,9,163
The caine mutiny,1958,Twi,India,21,6
Offspring: americana,2012,Avaric,Hungary,13,172
Buddy rich: the lost west side story tapes,1944,Twi,Mongolia,8,257
National lampoon's gold diggers,2012,Walloon,Ireland,18,190
Tarzan and the lost city,1984,Bosnian,Belgium,1,192
Clear and present danger,1967,Chuvash,United States Virgin Islands,11,288
Jim breuer: hardcore,1990,English,Grenada,12,113
Johns,1957,Esperanto,Ethiopia,4,253
Phantasm iv: oblivion,2011,Marathi,Tokelau,19,56
The corruptor,1966,Sardinian,Czech Republic,16,5
Pilates conditioning for weight loss,1948,Rundi,Puerto Rico,5,102
Inspector morse 1: the dead of jericho,1983,Bambara,Bhutan,11,157
Future war,1999,Sichuan Yi,Liechtenstein,21,285
Damien: omen ii,2015,Kinyarwanda,Guinea,12,273
The street fighter,1982,Oromo,Mongolia,14,250
Highlander 2: renegade version,1971,Twi,Mongolia,19,257
Bush's brain,2012,Ndonga,Anguilla,6,251
Jasper,1977,Oromo,Mongolia,14,250
Bones,1938,Persian,Greenland,2,268
Eat drink man woman,1971,Tamil,Bermuda,7,293
Inspector wears skirts,2021,Abkhazian,Antigua and Barbuda,8,154
Love of man,1987,Javanese,Saint Vincent and the Grenadines,16,127
Screaming skull/the werewolf vs. vampire woman,1917,Romansh,Korea,14,25
South pacific,1953,Sichuan Yi,Saint Pierre and Miquelon,21,131
Darkness falls,1944,Rundi,Puerto Rico,5,27
Shinjuku triad society,1914,Belarusian,Paraguay,13,128
Star wars trilogy: bonus material,1986,Pali,Dominican Republic,16,13
The war lover,2005,Marshallese,South Georgia and the South Sandwich Islands,6,238
Kids in the hall: tour of duty,1991,Avaric,Nauru,16,228
Cheers: season 6,1970,Navajo,Mauritius,12,69
D-day: the sixth of june,1983,Kongo,Kyrgyz Republic,21,246
She's all that,1999,Yiddish,Nepal,23,218
Mary chapin carpenter: jubilee: live at wolf trap,1979,Lao,Jersey,16,191
Second to die,2022,Abkhazian,Antigua and Barbuda,16,32
Friends: season 8,2009,Wolof,Sierra Leone,10,85
Short circuit,1921,Tibetan,Saint Martin,15,232
Elvira's haunted hills,2010,Avaric,Nauru,15,292
The strangler's wife,1920,Belarusian,Paraguay,22,128
Legend of crystania: the motion picture,2014,Persian,Reunion,25,243
Ray,1933,Hiri Motu,Marshall Islands,11,169
Discworld: wyrd sisters,1978,Chuvash,United Kingdom,15,104
Angel of death,2020,"Sotho, Southern",Russian Federation,6,120
Family guy: vol. 1: seasons 1-2,1957,Tatar,Cayman Islands,6,54
Bloodsport,2021,Nepali,Cook Islands,6,123
Without a paddle,2000,Hausa,Turkey,14,50
The young and the dead,1946,Kashmiri,Netherlands,17,77
A thousand acres,1969,Sardinian,Czech Republic,20,178
Mutant x: season 2,1988,Bosnian,Belgium,18,192
Police academy 2: their first assignment,1941,Sichuan Yi,Saint Pierre and Miquelon,21,18
Godzilla's revenge,1973,Javanese,Saint Vincent and the Grenadines,3,34
In like flint,1978,Chuvash,United States Virgin Islands,25,220
The doe boy,1986,Bambara,Bhutan,1,72
David blaine: fearless,2021,Abkhazian,Antigua and Barbuda,12,63
20 million miles to earth,1985,Oromo,Mongolia,8,9
Once upon a time in china,1946,Twi,Mongolia,18,90
Whales: an unforgettable journey: imax,1967,Turkmen,Kazakhstan,20,88
Beat street,1917,Belarusian,Paraguay,18,286
Spirit: stallion of the cimarron,2022,Abkhazian,Antigua and Barbuda,2,63
The twilight zone: vol. 41,2013,Walloon,Ireland,23,190
They saved hitler's brain,2022,"Sotho, Southern",Russian Federation,25,120
Shock corridor,1998,Sichuan Yi,Liechtenstein,9,200
Diner,2001,Catalan,Swaziland,16,92
Monster man,1918,Slovenian,Vanuatu,15,105
Frankie and johnny,2013,Navajo,Heard Island and McDonald Islands,7,215
American folk blues festival: 1962-1966,2019,Armenian,Iceland,5,28
Longshot,1991,Corsican,French Southern Territories,4,197
Monster garage,2003,Serbian,Benin,3,7
Classic cartoon favorites: extreme adventure fun,1963,Chuvash,United States Virgin Islands,23,288
The three stooges: curly classics,1961,Pali,Dominican Republic,8,13
Together,1981,Javanese,Saint Vincent and the Grenadines,4,127
For a few dollars more,1963,Turkmen,Kazakhstan,11,180
Richard pryor: here and now,1992,Marathi,Tokelau,17,181
Sally hemings: an american scandal,1952,Twi,India,21,58
The wolf man / frankenstein meets the wolf man: the legacy collection,1997,Sichuan Yi,Liechtenstein,10,136
Bound for glory,1987,Bambara,Bhutan,5,157
Get real,1935,Icelandic,Jordan,12,208
The scalphunters,1976,Esperanto,Ethiopia,5,253
In search of dracula,1947,Rundi,Puerto Rico,5,225
Mirror mirror,2004,Mongolian,Ecuador,5,234
The forbidden dance is lambada,1970,Sardinian,Czech Republic,19,116
Mi-5: vol. 2,1977,Ukrainian,Saint Barthelemy,18,33
Murder,1978,Cornish,Paraguay,16,282
Mtv: inside trl,1935,Bambara,Bhutan,8,72
Legends of the fall,2000,Sichuan Yi,Liechtenstein,10,200
Seinfeld: seasons 1 & 2,1944,Rundi,Puerto Rico,18,102
New york minute,1951,Afrikaans,Vanuatu,20,271
Godzilla & mothra: battle for earth / vs. king ghidora,1984,Amharic,Dominican Republic,13,62
The whistle blower,2011,Avaric,Nauru,17,292
War and peace,2016,Navajo,Heard Island and McDonald Islands,20,215
The navigator,1990,Ossetian,Georgia,16,24
He said,1977,Oromo,Mongolia,8,9
Men with brooms,1999,Marathi,Poland,24,141
National lampoon's blackball,1935,Javanese,Saint Vincent and the Grenadines,7,34
Barbie: the nutcracker,1935,Kashmiri,Netherlands,3,77
Smokey joe's cafï¿½,2020,Nepali,Cook Islands,13,123
Bingo,2021,Nepali,Cook Islands,13,279
Full clip,1976,Navajo,Mauritius,25,69
The waltons: season 1,2017,Wolof,Sierra Leone,6,176
Notre musique,1954,Korean,Yemen,2,212
Lancelot of the lake,2020,Marathi,Vanuatu,1,163
Hardware wars,1986,Xhosa,Rwanda,17,156
Agatha christie's evil under the sun,2013,Walloon,Ireland,25,190
Batman: holy batmania,1943,Nauru,Taiwan,22,149
Discovering alaska,1997,Yiddish,Nepal,22,218
Dragon ball z: perfect cell,2012,Slovak,Saint Kitts and Nevis,16,57
The count of monte cristo,1985,Sichuan Yi,Saint Pierre and Miquelon,8,137
The spy who came in from the cold,2001,Catalan,Marshall Islands,3,266
Dead tired,1947,Kashmiri,Netherlands,15,77
The adventures of jimmy neutron: confusion fusion,2022,Abkhazian,Antigua and Barbuda,22,63
The mighty,2021,"Sotho, Southern",Russian Federation,14,171
Brother's keeper,1965,Fulah,Montenegro,16,29
Alice's restaurant,1936,Malay,Argentina,9,15
Surf crazy,1954,Sichuan Yi,Luxembourg,25,12
Devour,1999,Avaric,Nauru,4,17
Great people of the bible: the apostle paul,1931,Interlingua,Mozambique,16,42
Hollywood homicide,2015,Venda,Poland,7,82
Mademoiselle,1989,Chuvash,United States Virgin Islands,12,44
Bang the drum slowly,1960,Sardinian,Czech Republic,19,116
Jimmy doolittle: an american hero,1974,Gaelic,Yemen,16,213
The blob,1986,English,Grenada,1,113
Nowhere in sight,1993,Marathi,Tokelau,18,168
The tin drum,2003,Marshallese,South Georgia and the South Sandwich Islands,7,95
Festival in cannes,1961,Tatar,Cayman Islands,21,54
Madame sata,2003,Marshallese,South Georgia and the South Sandwich Islands,15,114
The o.c.: season 2,1983,Faroese,Cambodia,14,26
Flesh + blood,2016,Venda,Poland,3,264
Slashers,2022,"Sotho, Southern",Russian Federation,18,120
The feast of all saints,1921,Tibetan,Saint Martin,12,86
Ricky martin: one night only,1968,Twi,Mongolia,5,281
Marty,2013,Kinyarwanda,Guinea,25,273
Yours,1999,Xhosa,Rwanda,23,235
Family reunion,1997,Slovak,Saint Kitts and Nevis,10,258
The robe,1997,Marshallese,South Georgia and the South Sandwich Islands,3,95
Bloodfist 6: ground zero,1912,Twi,Hong Kong,2,147
Book of babes: bare wench 2,1988,Wolof,Sierra Leone,15,176
On the ropes,2019,Marathi,Vanuatu,6,36
The a-team: season 1,1999,Slovak,Saint Kitts and Nevis,15,142
Sword of gideon,1928,Belarusian,Paraguay,23,83
Duplex (full-screen),2020,Armenian,Iceland,21,162
Things change,1979,Manx,Colombia,16,159
Pantera: 3 vulgar videos from hell,1946,Marathi,Poland,5,141
Benedict arnold: a question of honor,1962,Fulah,Montenegro,19,269
Red shoe diaries: temple of flesh,1978,Polish,Bulgaria,24,132
The saphead (silent),1906,Belarusian,Paraguay,16,61
Days of being wild,1986,Cornish,Paraguay,14,282
Always outnumbered,2009,Quechua,Monaco,13,108
Sexy beast,1967,Tamil,Bermuda,9,175
The phantom of the opera,1986,Catalan,Marshall Islands,9,266
I'll do anything,2003,Marshallese,South Georgia and the South Sandwich Islands,9,164
Onmyoji 2,1933,Hiri Motu,Marshall Islands,22,294
The toxic avenger,1965,Faroese,Cambodia,14,242
Changing rooms: trust me,2021,Nepali,Cook Islands,7,144
The great battles of world war ii: battle for the beach,1999,Persian,Russian Federation,9,110
Gone fishin',1960,Turkmen,Kazakhstan,15,88
Leprechaun,1957,Catalan,Marshall Islands,11,37
Solaris,2003,Marathi,Tokelau,8,41
No vacancy,2012,Avaric,Hungary,3,172
1776,1993,Corsican,French Southern Territories,13,23
Because of winn-dixie,1940,Sichuan Yi,Saint Pierre and Miquelon,6,20
Crazy as hell,1933,Hiri Motu,Marshall Islands,19,210
Inspirations,2001,Mongolian,Ecuador,21,205
Crouching tiger,2006,Chinese,Estonia,14,165
A walk in the sun,2015,Rundi,Sweden,23,22
8 1/2,1997,Marshallese,South Georgia and the South Sandwich Islands,8,164
Trapped in paradise,1921,Kashmiri,Netherlands,8,77
The town is quiet,1965,Javanese,Saint Vincent and the Grenadines,1,203
Cast away,2013,Venda,Poland,8,82
Samaritan girl,1976,Serbian,Benin,13,185
Road to utopia,1973,Turkish,Cape Verde,10,112
My bloody valentine,1974,Xhosa,Rwanda,24,290
Killer bud,1931,Oromo,Mongolia,12,250
Godzilla and other movie monsters,1992,Yiddish,Nepal,24,262
Target,1971,Shona,Vietnam,10,221
The convent,1931,Belarusian,Paraguay,25,83
Mari-cookie and the killer tarantula,1937,Belarusian,Paraguay,9,128
New jersey drive,1971,Sardinian,Czech Republic,25,178
Dr. jekyll & mr. hyde,1920,Belarusian,Paraguay,12,83
Babe: pig in the city,1948,Marathi,Poland,7,278
Sealab 2021: season 2,2003,Slovak,Saint Kitts and Nevis,1,57
Jungle 2 jungle,1963,Xhosa,Rwanda,18,290
Burial ground: the nights of terror,1966,Turkmen,Kazakhstan,5,299
Ladyhawke,1911,Swahili,Papua New Guinea,23,60
The year that trembled,2020,Marathi,Vanuatu,15,119
Un air de famille (aka family resemblances),1999,Hausa,Turkey,19,50
The love trap / directed by william wyler: double feature,1945,Bashkir,Nauru,18,49
Roughnecks: the starship troopers chronicles: the tophet campaign,2019,Marathi,Vanuatu,4,163
Jethro tull: new day yesterday: 25th anniversary collection: 1969 - 1994,1928,Twi,Mongolia,11,257
Hurlyburly,1933,Igbo,Ghana,20,297
Golf for dummies,1965,Fulah,Montenegro,7,29
Monarch of the glen: series 3,1979,Bashkir,Reunion,16,189
Rocky (hindi),1985,Xhosa,Rwanda,21,156
Lady death,1990,Ossetian,Georgia,2,81
Time after time,1978,Manx,Colombia,2,159
The wedding singer,2015,Rundi,Sweden,21,22
Johnny suede,1971,Pali,Dominican Republic,20,67
The snow maiden,2002,Mongolian,Ecuador,23,143
The knack...and how to get it,1954,Bambara,Bhutan,7,10
Essential music videos: totally 80s,1988,Xhosa,Rwanda,12,70
Santana: sacred fire: live in mexico,1922,Tibetan,Saint Martin,23,232
Traffic,1936,Malay,Argentina,9,15
Wild strawberries,1976,Manx,Colombia,20,43
Dream theater: live at budokan,2007,Xhosa,Rwanda,22,70
Highway to heaven: season 2,1982,Javanese,Saint Vincent and the Grenadines,19,34
College,1923,Tibetan,Saint Martin,5,217
Cosi,1921,Tibetan,Saint Martin,25,224
Murder,2014,Haitian,Romania,10,97
That '70s show: season 2,2002,Marathi,Poland,12,115
Lone wolf and cub 2: baby cart at the river styx,2015,Venda,Poland,5,287
Born yesterday,2014,Haitian,Romania,12,283
On our merry way,2000,Hausa,Turkey,1,184
Maniac nurses find ecstasy,1969,Sardinian,Czech Republic,17,178
Ghost dad,1997,Sichuan Yi,Liechtenstein,6,285
The wanderers,1987,English,Grenada,7,239
Living out loud,2000,Quechua,Monaco,18,108
Black scorpion 2: ground zero,1987,Serbian,Benin,3,117
Anna karenina,1971,Xhosa,Rwanda,23,290
Tomcats,1955,Twi,India,9,58
Kareeb,1948,Bashkir,Nauru,18,89
Easy money,2011,Persian,Reunion,20,289
Big jake,1962,Chuvash,United States Virgin Islands,6,288
Pepe le moko,1961,Serbian,Benin,22,7
From mao to mozart: isaac stern in china,1998,Marshallese,South Georgia and the South Sandwich Islands,15,164
Free to be you and me,1936,Javanese,Saint Vincent and the Grenadines,20,34
Daughter from danang: american experience,2018,Marathi,Vanuatu,9,216
The brain that wouldn't die,1979,Bashkir,Nauru,25,19
Vice girls,1961,Esperanto,Ethiopia,19,253
Scooby-doo's original mysteries,1977,Turkmen,Kazakhstan,3,299
Sharpe 11: sharpe's mission,1949,Twi,Mongolia,8,64
Other people's money,1930,Igbo,Ghana,21,226
Buffy the vampire slayer: the movie,1989,Sichuan Yi,Luxembourg,14,179
Kiss: exposed,1943,Nauru,Taiwan,12,16
Fierce creatures,1972,Gaelic,Yemen,24,213
Heist,1973,Bashkir,Reunion,3,189
The hole: 2000 seen by ...,1993,Corsican,French Southern Territories,6,197
Liberty heights,1991,Marathi,Tokelau,6,181
Double parked,1967,Bashkir,Nauru,7,49
Gormenghast,2020,Nepali,Cook Islands,10,144
Great rupert,1977,Marathi,Tokelau,22,199
Classic albums: u2: the joshua tree,1999,Sichuan Yi,Liechtenstein,24,136
The three stooges: all time favorites,2021,Armenian,Iceland,25,35
Bandolero!,1989,Ossetian,Georgia,1,24
The gatekeeper,1958,Twi,India,7,53
Silk stalkings: season 3,1974,Turkmen,Kazakhstan,18,180
Sweeney todd in concert,2021,Abkhazian,Antigua and Barbuda,4,38
Fifteen & pregnant,1994,Xhosa,Rwanda,20,235
Sunset strip,1944,Afrikaans,Vanuatu,14,46
Nico and dani,1927,Oromo,Mongolia,18,9
Highlander: season 5,2002,Marshallese,South Georgia and the South Sandwich Islands,5,164
Free willy,1956,Icelandic,Jordan,12,31
Summertime,1961,Shona,Vietnam,25,221
Splendor,1958,Sichuan Yi,Saint Pierre and Miquelon,14,131
Little women,1933,Hiri Motu,Marshall Islands,22,214
Beach girls/pom pom girls,1973,Tamil,Bermuda,20,175
Back in the day,1911,Twi,Hong Kong,2,147
Party monster,2004,Slovak,Saint Kitts and Nevis,17,280
The village,1965,Serbian,Benin,16,117
Stevie ray vaughan and double trouble: live at montreux 1982 & 1985,2005,Avaric,Nauru,17,109
Killer flood: the day the dam broke,1936,Malay,Argentina,16,21
Black knight,1992,Pali,Dominican Republic,19,13
Malcolm in the middle: season 1,1967,Indonesian,Seychelles,6,202
Macbeth,1935,Malay,Argentina,18,15
Jazz,2006,Chinese,Estonia,10,165
Just ask my children,1947,Twi,Mongolia,14,257
Cheaters,1982,Amharic,Dominican Republic,7,62
Star trek: voyager: season 7,1912,Swahili,Papua New Guinea,4,291
Presidential bloopers,1976,Polish,Bulgaria,3,222
Hello,1986,Marathi,Tokelau,18,41
Mash: season 2,1975,Bashkir,Nauru,6,49
Wolves of wall street,1956,Icelandic,Jordan,12,237
Living planet,1916,Twi,Hong Kong,13,147
My name is nobody,1984,Faroese,Cambodia,3,242
The undefeated,1946,Catalan,Marshall Islands,2,37
Barney's outdoor fun!,1950,Icelandic,Jordan,18,237
The indian fighter,1989,Yiddish,Nepal,9,75
Madonna: what it feels like for a girl,1981,Ossetian,Georgia,5,24
Cold creek manor,1918,Slovenian,Vanuatu,23,106
Final justice,2014,Quechua,Monaco,13,245
Dangerous ground,2002,Hausa,Turkey,7,50
Pokemon: mewtwo returns,1980,Serbian,Benin,18,138
Red green: stuffed and mounted 3,1963,Bambara,Bhutan,24,72
Star trek iii: the search for spock,2000,Sichuan Yi,Liechtenstein,8,285
Oswald: welcome to the big city!,1963,Faroese,Cambodia,14,242
Csi: season 4,1935,Marathi,Poland,5,115
Bloodfist 4: die trying,1974,Tamil,Bermuda,22,293
Shura no toki,1942,Rundi,Puerto Rico,11,27
R.e.m.: perfect square,1999,Xhosa,Rwanda,1,70
Crimes and misdemeanors,2002,Marathi,Tokelau,24,56
Option zero,1947,Kashmiri,Netherlands,3,204
Wwe: tenth anniversary of raw,2000,Hausa,Turkey,3,207
High and low,2020,Nepali,Cook Islands,14,123
Billy blanks: tae bo: flex,1993,Corsican,French Southern Territories,17,23
Gorillaz: phase one celebrity take down,1957,Tatar,Cayman Islands,22,129
Brown sugar,2015,Navajo,Heard Island and McDonald Islands,5,229
Chicago: a&e live by request,2000,Hausa,Turkey,16,50
Doctor who: the leisure hive,1931,Twi,Mongolia,2,90
Grey gardens,2001,Afrikaans,Svalbard & Jan Mayen Islands,2,118
Poison ivy,2012,Rundi,Sweden,14,151
Rain man,2013,Venda,Poland,19,79
Barbarian queen 2,1910,Swahili,Papua New Guinea,20,60
Hostage high,1960,Fulah,Montenegro,1,30
Deadline,1962,Pali,Dominican Republic,21,13
Stanley: hop to it,1959,Rundi,Puerto Rico,17,225
Gruesome twosome,1974,Turkish,Cape Verde,25,65
An american tail,1945,Sichuan Yi,Saint Pierre and Miquelon,9,131
Slackers,1985,Polish,Bulgaria,7,222
Six feet under: season 3,2000,Afrikaans,Chad,1,211
Sasquatch,2005,Persian,Reunion,6,289
Nayagan: tamil,1966,Chuvash,United States Virgin Islands,18,44
Search for the great sharks: imax,1945,Serbian,Benin,6,138
Funny dirty little war,1999,Esperanto,Djibouti,20,94
Bridget jones's diary,1954,Fulah,Montenegro,10,29
The divine bette midler,1944,Bambara,Bhutan,20,10
Marion bridge,1951,Kashmiri,Netherlands,6,204
Fate,2007,Mongolian,Ecuador,5,272
Control room,1943,Icelandic,Jordan,7,237
Willie nelson: live at billy bob's texas,1970,Gujarati,Pitcairn Islands,17,198
Cast away,1955,Oromo,Mongolia,25,9
Hiding out,1999,Mongolian,Ecuador,15,205
Like it is,1951,Bambara,Bhutan,7,72
The best of too hot for troma's edge tv: vol. 1,2010,Slovak,Saint Kitts and Nevis,16,280
Jumanji,2008,Quechua,Monaco,16,125
Article 99,1970,Pali,Dominican Republic,16,67
Lone wolf and cub 2: baby cart at the river styx,1961,Lao,Jersey,19,170
The rainmaker,2014,Kinyarwanda,Guinea,12,249
...and justice for all,1946,Bashkir,Nauru,6,89
Slackers,1967,Gujarati,Pitcairn Islands,21,198
This island earth,1912,Swahili,Papua New Guinea,20,195
Spawn: the movie,1961,Oromo,Mongolia,23,9
Cedric the entertainer: starting lineup 2,1987,Afrikaans,Svalbard & Jan Mayen Islands,3,118
Hello kitty & friends,1969,Gujarati,Pitcairn Islands,23,284
Diamond men,1967,Gujarati,Pitcairn Islands,7,160
Silverado,1990,English,Grenada,4,113
Nba finals 2002: official championship,1931,Belarusian,Paraguay,25,128
Sprung,1985,Ossetian,Georgia,13,81
Just cause,1959,Faroese,Cambodia,1,241
Angels in america,1950,Bashkir,Nauru,14,206
Superman: the lost episodes,1910,Swahili,Papua New Guinea,3,291
Spun,1977,Korean,Yemen,17,212
Jurassic park iii,2022,"Sotho, Southern",Russian Federation,17,171
Scorched,1990,Tamil,Bermuda,18,175
The laramie project,2000,Slovak,Saint Kitts and Nevis,17,280
Sports illustrated swimsuit edition: 2003,1999,Wolof,Sierra Leone,7,85
Microcosmos,1983,Chuvash,United States Virgin Islands,13,220
Arakimentari,2016,Kinyarwanda,Guinea,19,101
The water babies,1959,Serbian,Benin,17,185
Dorf on golf / dorf's golf bible,1981,Faroese,Cambodia,11,2
Todd mcfarlane: the devil you know,1991,Corsican,French Southern Territories,1,197
Cube 2: hypercube,2021,Marathi,Vanuatu,15,216
Speed of life,1976,English,Grenada,8,239
Everyone,1946,Afrikaans,Vanuatu,13,46
Art heist,1973,Turkish,Cape Verde,10,112
20 million miles to earth,2004,Marshallese,South Georgia and the South Sandwich Islands,16,164
Producing adults,1962,Bashkir,Nauru,1,186
Project arms,1942,Oromo,Mongolia,1,250
Tremors,1952,Afrikaans,Vanuatu,22,271
Van halen: live without a net,1935,Malay,Argentina,18,8
A stranger in the kingdom,1960,Tatar,Cayman Islands,21,54
Visitors of the night,1918,Slovenian,Vanuatu,14,105
Girls will be girls,1986,Marathi,Poland,3,278
Cabin boy,1946,Sichuan Yi,Saint Pierre and Miquelon,14,131
Husbands and wives,2018,Marathi,Vanuatu,23,270
Franklin and the green knight: the movie,1976,Serbian,Benin,1,138
Close to leo,2007,Chinese,Estonia,1,259
Faust: love of the damned,1979,Cornish,Paraguay,18,282
The tune,2016,Quechua,Monaco,14,108
Naked lunch: bonus material,1968,Bambara,Bhutan,21,72
Fifteen & pregnant,1993,Corsican,French Southern Territories,2,66
The two jakes,2011,Chinese,Estonia,24,259
Dragon ball z: broly: the legendary super saiyan,1956,Pali,Dominican Republic,2,124
Waiting for the messiah,1992,Corsican,French Southern Territories,14,23
Splendor,1949,Afrikaans,Vanuatu,2,271
Critters,1951,Rundi,Puerto Rico,10,102
U2: elevation 2001: live from boston,1910,Swahili,Papua New Guinea,1,145
The country girl,1963,Korean,Yemen,9,212
Berkeley in the sixties,1928,Interlingua,Mozambique,8,42
Occasional hell,1976,Catalan,Swaziland,7,93
The crimson pirate,1933,Hiri Motu,Marshall Islands,13,169
Like water for chocolate,2011,Sinhala,Zambia,8,150
Femme fatale,1979,Chuvash,United States Virgin Islands,13,47
Last man standing,2012,Slovak,Saint Kitts and Nevis,8,142
Beautiful creatures,1970,Gujarati,Pitcairn Islands,1,160
The gold rush: bonus material,1993,Corsican,French Southern Territories,15,66
Frankenstein,1911,Swahili,Papua New Guinea,20,195
National lampoon's loaded weapon,1996,Turkmen,Kazakhstan,15,88
Crunch: pick your spot pilates,1984,Pali,Dominican Republic,13,124
Rhinestone,2002,Avaric,Nauru,7,17
The murder of emmett till: american experience,1933,Hiri Motu,Marshall Islands,15,210
Dial m for murder,1969,Gujarati,Pitcairn Islands,13,140
Journey: 2001,1987,Javanese,Saint Vincent and the Grenadines,5,34
Birthday girl,1974,Catalan,Swaziland,13,68
Gunparade march,2009,Slovak,Saint Kitts and Nevis,22,258
Veggietales classics: larry-boy & the fib from outer space,1936,Javanese,Saint Vincent and the Grenadines,17,127
Chef!: series 3,1929,Korean,Yemen,4,212
White christmas,1971,Turkish,Cape Verde,16,130
Shadowlands,1968,Sardinian,Czech Republic,3,116
Red dwarf: series 1: bonus material,2014,Haitian,Romania,9,45
Doctor who: the ribos operation,2010,Sinhala,Zambia,2,150
Mozart in salzburg,1930,Lao,Jersey,24,1
X: the man with the x-ray eyes,1954,Fulah,Montenegro,9,29
The mighty,2016,Persian,Reunion,23,289
Coming out,2016,Avaric,Nauru,10,17
Perfect body,1987,Lao,Jersey,21,191
Look who's talking too,1967,Catalan,Marshall Islands,19,266
A kiss before dying,1910,Swahili,Papua New Guinea,6,195
The first world war: the complete series,1978,Faroese,Cambodia,6,26
Shake,1967,Gujarati,Pitcairn Islands,1,126
Mondo bizarro / mondo freudo: double feature,1975,Faroese,Cambodia,6,2
My own private idaho,1978,Chuvash,United States Virgin Islands,8,47
Merle haggard in concert,2009,Chinese,Estonia,12,165
The indomitable teddy roosevelt,1986,Faroese,Cambodia,8,2
Tom green show: unscensored,2010,Slovak,Saint Kitts and Nevis,7,121
Los ninos invisibles,1975,Manx,Colombia,17,103
Swiss family robinson,1965,Sichuan Yi,Luxembourg,16,12
Return of the vampire,2005,Slovak,Saint Kitts and Nevis,25,280
Patlabor wxiii: the movie,1984,Oromo,Mongolia,12,98
Letters from a killer,1935,Korean,Yemen,9,212
Free tibet,1991,Corsican,French Southern Territories,9,66
Pursued,1966,Oromo,Mongolia,24,250
Woyzeck,1958,Sardinian,Czech Republic,2,178
Phoenix,1974,Faroese,Cambodia,15,242
Ripping yarns,1971,Chuvash,United Kingdom,21,161
Uptown girls,2012,Kinyarwanda,Guinea,15,101
Hear no evil,1953,Bambara,Bhutan,17,10
Teen witch,1984,English,Grenada,10,239
Journey to the center of the earth,1977,Sichuan Yi,Luxembourg,17,12
Depeche mode: the videos '86-'98,1977,Catalan,Swaziland,14,93
Twentynine palms,1948,Sichuan Yi,Saint Pierre and Miquelon,2,137
Spy games,2004,Mongolian,Ecuador,7,55
Godannar,1989,Marathi,Tokelau,12,181
With honors,2012,Avaric,Hungary,17,91
Death rides a horse,1979,Lao,Jersey,14,170
Chicago: a&e live by request,2016,Venda,Poland,24,82
Paul mccartney: in the world tonight,2020,Armenian,Iceland,6,265
Knockaround guys,1917,Romansh,Korea,24,296
A talk with hitchcock,1938,Malay,Argentina,24,21
Ziggy stardust and the spiders from mars: the motion picture,1906,Romansh,Korea,24,296
F. scott fitzgerald: winter dreams,1992,Corsican,French Southern Territories,5,197
Submitted for your approval: rod serling,1984,Xhosa,Rwanda,9,70
Satte pe satta,1919,Twi,Hong Kong,8,158
Starship troopers: bonus material,1967,Gujarati,Pitcairn Islands,4,160
Alexander's ragtime band,1997,Wolof,Sierra Leone,6,85
New dominion tank police,1968,Gaelic,Yemen,21,187
The endless summer,1994,Wolof,Sierra Leone,7,176
Aradhana,1949,Uighur,Guatemala,19,78
Five on the black hand side,1981,Lao,Jersey,16,170
Cry of the banshee / murders in the rue morgue: double feature,1934,Lao,Jersey,24,1
The enforcer,1940,Twi,Mongolia,25,64
Sinbad and the eye of the tiger,1986,Catalan,Swaziland,3,93
Freeway,1920,Belarusian,Paraguay,7,83
Edie and pen,1999,Yiddish,Nepal,17,218
Picture this,2016,Wolof,Sierra Leone,6,85
From russia with love,1971,Turkish,Cape Verde,4,112
Disorder ii: fat tire fury: white knuckle extreme,2017,Venda,Poland,21,287
Virgil bliss,2022,Abkhazian,Antigua and Barbuda,2,38
Charlie chan: the jade mask,1958,Sichuan Yi,Saint Pierre and Miquelon,1,18
The opponent,1987,Bambara,Bhutan,19,72
Volcano above the clouds: nova,1951,Rundi,Puerto Rico,6,225
Vagabond,1922,Tibetan,Saint Martin,19,232
The amityville horror,2022,Armenian,Iceland,19,35
Astronomy adventure: learning astronomy history & principles: the standard deviants,1967,Oromo,Mongolia,8,98
Starship troopers,1988,Polish,Bulgaria,16,74
King of hearts,2004,Mongolian,Ecuador,6,234
Vampires in havana,1995,Bambara,Bhutan,9,84
Kindred: the embraced: the complete vampire collection,1970,Esperanto,Ethiopia,24,253
Underworld: live: everything everything,1937,Malay,Argentina,6,8
Back to the future,2005,Wolof,Sierra Leone,14,176
Baby shakespeare: world of poetry,1992,Corsican,French Southern Territories,24,135
National geographic: beyond the movie: alexander the great,2008,Quechua,Monaco,1,245
Italian stallion,1972,Manx,Colombia,14,159
Friend,1951,Oromo,Mongolia,16,98
Law & order: criminal intent: season 3,1980,Komi,Indonesia,3,40
227: season 1,2000,Sichuan Yi,Liechtenstein,23,200
Deliberate intent,1967,Gujarati,Pitcairn Islands,15,284
The league of extraordinary gentlemen,1989,Pali,Dominican Republic,17,124
All about you,1985,Lao,Jersey,19,191
Predator: collector's edition: bonus material,1982,Chuvash,United States Virgin Islands,22,220
Kim possible: villain files,1999,Hausa,Turkey,1,50
Jay jay the jet plane: supersonic pals,1963,Xhosa,Rwanda,24,290
Dragnet '67: season 1,2022,Abkhazian,Antigua and Barbuda,23,154
Quicksand,2013,Venda,Poland,12,287
Like water for chocolate,2021,Nepali,Cook Islands,25,279
Pit fighter,1995,Kongo,Kyrgyz Republic,2,246
The pink panther strikes again,1937,Icelandic,Jordan,20,237
The job,1970,Indonesian,Seychelles,12,231
Wild bill,1929,Belarusian,Paraguay,12,128
The man who copied,1926,Lao,Jersey,6,236
Interview with the assassin,1926,Belarusian,Paraguay,23,83
The out-of-towners,1973,Xhosa,Rwanda,6,188
Howards end,1932,Hiri Motu,Marshall Islands,22,214
Fox and his friends,1975,Amharic,Dominican Republic,9,134
My chauffeur,1966,Lao,Jersey,19,1
Wicked city,2021,Marathi,Vanuatu,23,270
Conspiracy theory,1912,Igbo,Ghana,14,99
The best years of our lives,2006,Sichuan Yi,Luxembourg,22,179
Don't tempt me,1933,Igbo,Ghana,1,297
Bill cosby: himself,1993,Avaric,Nauru,16,17
Pinocchio,1986,Xhosa,Rwanda,17,290
Bandits,1999,Yiddish,Nepal,1,262
Dragon ball z: trunks saga,1988,Ossetian,Georgia,11,223
Macgyver: season 2,2022,Abkhazian,Antigua and Barbuda,13,267
Batman: the animated series: the legend begins,1979,Gaelic,Yemen,4,187
Lonesome dove: the series,1967,Gujarati,Pitcairn Islands,10,126
Donnie darko: director's cut: bonus material,1911,Belarusian,Paraguay,5,286
Lord of the rings: the return of the king: bonus material,2016,Venda,Poland,12,264
Terminal velocity,1931,Belarusian,Paraguay,5,14
Children of dune,2021,Armenian,Iceland,2,162
Lord of the rings: the return of the king,2017,Venda,Poland,20,193
The o.c.: season 1,1988,Amharic,Dominican Republic,6,134
Falling in love again,2004,Mongolian,Ecuador,3,234
The sleepy time gal,1949,Sichuan Yi,Saint Pierre and Miquelon,19,137
Seth the hard way,1965,Bashkir,Nauru,6,206
Sound and fury,1919,Igbo,Ghana,4,297
Wing chun: fighting art,1974,Marathi,Tokelau,5,181
Home alone,1973,Turkish,Cape Verde,25,130
Coyote ugly,1994,Avaric,Nauru,20,292
Screw loose,1991,Avaric,Nauru,12,133
1984,2017,Armenian,Iceland,11,162
Othello,1967,Twi,Mongolia,22,257
Ben folds five: complete sessions at west 54th,1928,Twi,Mongolia,10,64
Screaming skull/the werewolf vs. vampire woman,1994,Indonesian,Seychelles,12,73
Miranda (tinto brass),2016,Persian,Reunion,24,243
Fallen angels,2021,Abkhazian,Antigua and Barbuda,8,32
The mark of zorro / don q: son of zorro,2001,Serbian,Benin,9,7
Bob le flambeur,1950,Nauru,Taiwan,4,16
Phir bhi dil hai hindustani,1942,Kashmiri,Netherlands,14,204
Family guy: vol. 2: season 3,2021,Marathi,Vanuatu,4,36
The dukes of hazzard: season 3,1995,Avaric,Nauru,3,133
The wind in the willows,2005,Chinese,Estonia,10,259
The twilight zone: vol. 26,1944,Cornish,Paraguay,10,282
Scenes from a marriage (theatrical version),1992,Corsican,French Southern Territories,10,135
Rope,1926,Kannada,Philippines,4,177
The fan,2006,Mongolian,Ecuador,18,143
Veggietales classics: god wants me to forgive them!?!,1966,Gujarati,Pitcairn Islands,2,126
Saturday the 14th strikes back,1927,Interlingua,Mozambique,25,42
Seamless,2008,Mongolian,Ecuador,8,111
Laughing out loud: vol. 3,1912,Swahili,Papua New Guinea,11,60
Trail of a serial killer,2010,Sinhala,Zambia,11,150
Alive and kicking,2010,Slovak,Saint Kitts and Nevis,17,252
Doctor who: the tomb of the cybermen,2009,Sinhala,Zambia,6,166
Worth winning,1992,Corsican,French Southern Territories,9,23
Street fighter alpha: generations,1999,Mongolian,Ecuador,19,107
Two women,1968,Gujarati,Pitcairn Islands,9,160
Secret agent a.k.a. danger man,2002,Pali,Dominican Republic,10,67
Hope springs,1972,Shona,Vietnam,18,221
Miracle at oxford,1921,Tibetan,Saint Martin,4,232
Death of a dynasty,2001,Marathi,Poland,20,115
Brother bear (home viewing version),1919,Lao,Jersey,11,153
Confessions of a teenage drama queen,1983,Marathi,Tokelau,25,168
Chattahoochee,1998,Navajo,Mauritius,14,69
The hustler,1966,Gujarati,Pitcairn Islands,25,183
Strip search,1933,Nauru,Taiwan,25,247
Living planet,2019,Marathi,Vanuatu,13,119
Ninja checkmate,1959,Bashkir,Reunion,15,233
Human resources,2000,Catalan,Swaziland,10,92
King crimson: deja vrooom,1935,Malay,Argentina,1,51
Peter gabriel: play: the video collection,1972,Chuvash,United States Virgin Islands,21,288
Gods of olympia,1933,Hiri Motu,Marshall Islands,25,210
Bobby darin: beyond the song,1991,Corsican,French Southern Territories,12,66
America america,1926,Kannada,Philippines,17,177
Coffin joe: at midnight i'll take your soul,2017,Venda,Poland,25,287
Jiang hu: the triad zone,2009,Sinhala,Zambia,9,150
No way to treat a lady,2016,Walloon,Ireland,21,260
Pink floyd: the wall,2002,Catalan,Marshall Islands,16,266
Captain herlock,1930,Igbo,Ghana,15,297
Chinese ghost story 3: special edition,1960,Marathi,Poland,8,115
D.e.b.s.,1970,Gujarati,Pitcairn Islands,16,198
Palookaville,1937,Nauru,Taiwan,12,149
Framed,1932,Persian,Greenland,23,268
Funny farm,2010,Mongolian,Ecuador,11,107
The disorderly orderly,2021,Armenian,Iceland,8,35
Wwe: hard knocks: the chris benoit story,1936,Malay,Argentina,21,219
She-devils on wheels,1971,Marathi,Tokelau,21,56
One man's justice,1990,Kongo,Kyrgyz Republic,17,173
The string cheese incident: waiting for the snow to fall,1967,Gujarati,Pitcairn Islands,4,284
Gang related,1975,Bashkir,Nauru,13,206
Kiss me guido,2005,Persian,Reunion,19,289
Atlantis: the lost empire: bonus material,1990,Yiddish,Nepal,25,75
The biggest lil' star in hollywood,1980,Polish,Bulgaria,5,74
Grand canyon: the world's great natural wonder,2021,Abkhazian,Antigua and Barbuda,24,38
Superstars of '70s soul live,2018,Marathi,Vanuatu,13,163
Highlander: season 2,1992,Sichuan Yi,Luxembourg,9,179
Saturday night live: the best of dana carvey,2019,Armenian,Iceland,12,35
Pokemon: journey to the johto league champion: vol. 7: journey's end,2013,Venda,Poland,20,287
The brady bunch variety hour,1974,Gaelic,Yemen,17,187
One night with blue note,1973,Catalan,Swaziland,25,68
From hell: bonus material,1993,Polish,Bulgaria,15,74
Sailor moon: vol. 10: the trouble with rini,1949,Icelandic,Jordan,5,31
Treasure hunt,2012,Chinese,Estonia,19,165
The great battles of world war ii: battle for the beach,1971,Turkish,Cape Verde,3,112
Eaten alive,1959,Tatar,Cayman Islands,16,11
Amazon: imax,1989,Ukrainian,Saint Barthelemy,14,33
Trading spaces: viewer's choice,1990,Wolof,Sierra Leone,24,176
Cyborg 2,1977,Catalan,Swaziland,18,92
Sade,1949,Afrikaans,Vanuatu,18,46
8 man,2007,Sinhala,Zambia,8,150
Paul mccartney: back in the u.s.,1968,Faroese,Cambodia,6,242
A season on the brink,1999,Marshallese,South Georgia and the South Sandwich Islands,24,114
Evolver,1910,Swahili,Papua New Guinea,12,60
Why dogs smile and chimpanzees cry,1934,Sichuan Yi,Saint Pierre and Miquelon,12,20
House of the spirits,1961,Javanese,Saint Vincent and the Grenadines,18,203
Goosebumps: the ghost next door,1970,Lao,Jersey,14,153
Under siege 2: dark territory,2022,Abkhazian,Antigua and Barbuda,2,267
Ulysses,1989,Chuvash,United States Virgin Islands,7,220
King of the hill: season 4,1937,Malay,Argentina,24,219
The octagon,2022,Abkhazian,Antigua and Barbuda,14,154
Big eden,2013,Rundi,Sweden,3,151
Chasers,1936,Malay,Argentina,24,8
Revelations,1987,Polish,Bulgaria,25,222
The hobbit,1960,Fulah,Montenegro,6,269
The 1900 house,2006,Ndonga,Anguilla,11,251
Sunset park,1927,Interlingua,Mozambique,5,42
Empires: kingdom of david: the saga of the israelites,2021,Marathi,Vanuatu,3,300
Love undercover,1918,Slovenian,Vanuatu,20,274
Music from another room,1945,Rundi,Puerto Rico,9,225
The late shift,1933,Hiri Motu,Marshall Islands,2,294
Clarissa,1954,Kongo,Kyrgyz Republic,18,246
Paris is burning,1944,Javanese,Saint Vincent and the Grenadines,18,203
Going greek,2018,Quechua,Monaco,6,125
Dirty dancing: bonus material,1985,Marathi,Poland,14,115
Fearless,2017,Armenian,Iceland,8,162
Star wars: episode vi: return of the jedi,2020,Marathi,Vanuatu,18,196
Atlantis,1956,Tatar,Cayman Islands,12,54
Mast,1970,Faroese,Cambodia,20,2
The people that time forgot,1975,Turkish,Cape Verde,18,230
Leprechaun 3,1933,Hiri Motu,Marshall Islands,3,210
The sixth sense: bonus material,2014,Haitian,Romania,3,52
The best of friends: season 4,2021,Marathi,Vanuatu,11,196
Seven days in may,1971,Sardinian,Czech Republic,7,116
The world of drunken master,1956,Icelandic,Jordan,13,208
84 charing cross road,1935,Malay,Argentina,9,51
Swashbuckler,1976,Hindi,Comoros,10,194
The larry sanders show: season 1,1959,Chuvash,United States Virgin Islands,1,288
Murder!,1938,Malay,Argentina,7,21
Gigantic: a tale of two johns,1960,Fulah,Montenegro,10,269
The secret of n-i-m-h,2017,Kinyarwanda,Guinea,7,101
The inspector lynley mysteries: in pursuit of the proper sinner,1940,Icelandic,Jordan,21,237
Walking tall,2000,Marathi,Tokelau,13,41
Paragraph 175,1933,Bambara,Bhutan,10,72
Anna karenina,1977,Chuvash,United States Virgin Islands,12,44
Cover story,1972,Turkish,Cape Verde,11,230
The benny goodman story,1998,Afrikaans,Chad,1,227
The mafia: an expose - coming to america/al capone,2005,Marshallese,South Georgia and the South Sandwich Islands,6,164
Meet the parents,1967,Bashkir,Reunion,4,189
The courtship of eddie's father,1921,Sichuan Yi,Saint Pierre and Miquelon,18,137
Bjork: volumen,1933,Interlingua,Mozambique,25,42
Platinum comedy series: paul rodriguez: live in san quentin,2016,Kinyarwanda,Guinea,2,249
My house in umbria,2013,Quechua,Monaco,15,125
Out of order,2020,Marathi,Vanuatu,24,36
Sakura wars: the movie,1990,Catalan,Swaziland,6,93
I'll be seeing you,1969,Gaelic,Yemen,2,187
Taps,1939,Akan,Niger,2,201
Men with brooms,1948,Twi,Mongolia,7,64
Call me madam,2011,Walloon,Ireland,2,190
Pelle the conqueror,2011,Kinyarwanda,Guinea,18,249
The secret of n-i-m-h,1966,Gujarati,Pitcairn Islands,12,126
8 man after: perfect collection,2022,Abkhazian,Antigua and Barbuda,13,267
National treasure,2021,Abkhazian,Antigua and Barbuda,20,154
House on the edge of the park,1983,Ossetian,Georgia,2,223
Six: the mark unleashed,1911,Belarusian,Paraguay,7,286
Martial arts master wong fei hung,1991,Avaric,Nauru,24,292
Armored trooper votoms stage 3: deadworld sunsa,1959,Turkmen,Kazakhstan,6,148
Giant,2001,Korean,Yemen,19,212
Mind of a serial killer: nova,1994,Yiddish,Nepal,19,174
The last dragon,1949,Kashmiri,Netherlands,10,77
Spring,1998,Yiddish,Nepal,10,96
The cookout,1932,Nauru,Taiwan,24,16
Bolshoi ballet '67,1914,Belarusian,Paraguay,5,14
Paparazzi,2020,Marathi,Vanuatu,24,36
Mystery kids,1930,Belarusian,Paraguay,20,240
24: season 3,2006,Marathi,Tokelau,7,168
American adobo,1983,English,Grenada,24,113
The far country,1984,Faroese,Cambodia,24,26
Nba at 50,1959,Rundi,Puerto Rico,2,225
Martha stewart holidays: homemade holidays,1997,Ossetian,Georgia,20,182
Solar crisis,2015,Kinyarwanda,Guinea,17,249
The agronomist,2009,Mongolian,Ecuador,6,234
25th hour,2022,"Sotho, Southern",Russian Federation,22,261
Lord of the rings: the return of the king: bonus material,2017,Venda,Poland,17,82
Rugrats in paris: the movie,1937,Malay,Argentina,16,21
Rave master,1946,Indonesian,Seychelles,23,231
Dragon ball z: super android 13,2000,Mongolian,Ecuador,20,143
The guys,1942,Bashkir,Nauru,21,19
Sledge hammer!: season 1,1918,Slovenian,Vanuatu,2,105
Butterfly,2000,Mongolian,Ecuador,13,55
Island at war,1939,Bashkir,Nauru,22,186
The rocky horror picture show,1949,Rundi,Puerto Rico,9,225
Denise austin: ultimate fat burner,1929,Lao,Jersey,14,155
National geographic: forces of nature,1990,Sichuan Yi,Luxembourg,12,12
Married... with children: season 2,1967,Faroese,Cambodia,14,2
Power of one,1998,Sichuan Yi,Liechtenstein,9,200
Sherlock holmes: terror by night,1936,Esperanto,Ethiopia,15,253
The casebook of sherlock holmes,2015,Rundi,Sweden,23,151
A month by the lake,2015,Venda,Poland,16,264
Chased by dinosaurs: three walking with dinosaurs adventures,1968,Xhosa,Rwanda,15,290
Beethoven's 3rd,1959,Serbian,Benin,7,117
Race to freedom: the story of the underground railroad,1939,Icelandic,Jordan,23,237
The roaring twenties,2001,Slovak,Saint Kitts and Nevis,3,280
Night and the city,1980,Komi,Indonesia,25,40
The celebration,2014,Haitian,Romania,22,283
Blame it on the bellboy,1933,Igbo,Ghana,3,226
Bedknobs and broomsticks,1997,Sichuan Yi,Liechtenstein,1,136
Metropolis,2012,Avaric,Hungary,11,91
Storm over asia,1974,Twi,Mongolia,3,64
Mrityudand,1960,Kannada,Luxembourg,16,298
The work of director jonathan glazer,1984,Polish,Bulgaria,24,132
Gilgamesh,2006,Slovak,Saint Kitts and Nevis,22,252
Mimic 3: sentinel,1910,Swahili,Papua New Guinea,5,195
In the good old summertime,1917,Belarusian,Paraguay,12,240
The place promised in our early days,1977,Manx,Colombia,2,43
Lost in america,1946,Indonesian,Seychelles,8,202
Madonna: what it feels like for a girl,2014,Venda,Poland,20,79
My wife is an actress,1999,Slovak,Saint Kitts and Nevis,11,258
The accidental spy,1945,Lao,Jersey,19,248
Piccadilly,1944,Sichuan Yi,Saint Pierre and Miquelon,13,137
Hedwig and the angry inch,1977,Gaelic,Yemen,13,187
Buffy the vampire slayer: season 3,1932,Hiri Motu,Marshall Islands,3,214
Hart's war,2019,Marathi,Vanuatu,23,163
Jay and silent bob strike back: bonus material,1997,Afrikaans,Chad,18,211
Carolina,1975,Bashkir,Nauru,6,19
Chased by dinosaurs: three walking with dinosaurs adventures,1910,Swahili,Papua New Guinea,13,291
Dora the explorer: it's a party!,1976,Komi,Indonesia,5,40
Before we ruled the earth: hunt or be hunted,1941,Oromo,Mongolia,24,250
George lopez: why you crying?,1995,Marathi,Tokelau,6,168
The flamingo kid,1973,Cornish,Paraguay,1,282
Lost in space: season 2: vol. 1,1970,Fulah,Montenegro,4,29
Fleetwood mac: tango in the night,2006,Chinese,Estonia,19,259
Evanescence: anywhere but home,2010,Mongolian,Ecuador,5,143
Tom and jerry: whiskers away!,1972,Marathi,Tokelau,9,56
Leonard part 6,1963,Sichuan Yi,Saint Pierre and Miquelon,3,18
Ma mere,1979,Chuvash,United Kingdom,5,104
Spirit: stallion of the cimarron,2005,Ndonga,Anguilla,15,251
Love affair,2006,Afrikaans,Svalbard & Jan Mayen Islands,23,118
Marquis de sade's justine,1912,Romansh,Korea,24,296
It's all gone pete tong,2021,Abkhazian,Antigua and Barbuda,4,38
Roast of denis leary: uncensored,2010,Chinese,Estonia,7,259
A program about unusual buildings & other roadside stuff,2011,Afrikaans,Chad,16,211
Dark shadows: vol. 18,1998,Serbian,Benin,22,185
Finding north,2006,Walloon,Ireland,25,190
House party 3,1979,Chuvash,United States Virgin Islands,9,220
Pinero,2001,Marshallese,South Georgia and the South Sandwich Islands,7,238
Unstrung heroes,1932,Persian,Greenland,8,268
Kickboxer 2,1992,Wolof,Sierra Leone,19,176
My favorite martian: season 1,1949,Oromo,Mongolia,11,250
Inspector morse 21: dead on time,1910,Swahili,Papua New Guinea,14,60
Ronin,1972,Gaelic,Yemen,6,187
The opposite of sex,1997,Yiddish,Nepal,15,59
Princess mononoke,1993,Catalan,Marshall Islands,17,266
Flying leathernecks,2010,Avaric,Nauru,13,109
Pyaasa,2015,Venda,Poland,3,193
Straight talk,1976,Komi,Indonesia,14,40
Rollerball,1968,Sardinian,Czech Republic,18,178
Carnosaur 3,1975,English,Grenada,15,239
Jimmy neutron: boy genius,1977,Serbian,Benin,13,117
Mohabbatein,1948,Bashkir,Nauru,6,186
High tension,1935,Belarusian,Paraguay,6,83
Gas,1976,Tamil,Bermuda,6,293
When strangers appear,1968,Sardinian,Czech Republic,22,5
My dream girl,1996,Turkmen,Kazakhstan,11,299
Stingray: the complete series,1911,Swahili,Papua New Guinea,5,256
Dale earnhardt jr.: any given day,1958,Shona,Vietnam,10,221
Ghatak,1992,Pali,Dominican Republic,15,67
Hidden wars of desert storm,1991,Polish,Bulgaria,6,222
Agatha christie's poirot: sad cypress,2015,Rundi,Sweden,4,22
Friday the 13th: part 3,1967,Gujarati,Pitcairn Islands,19,39
Pale rider,1950,Afrikaans,Vanuatu,20,271
Ghost in the shell,1943,Nauru,Taiwan,7,247
The gathering storm,2021,"Sotho, Southern",Russian Federation,25,120
Abigail's party,1956,Twi,Mongolia,18,257
The spirit of '76,1997,Afrikaans,Chad,4,227
For keeps,1953,Esperanto,Ethiopia,8,253
Jay jay the jet plane: learning life's lessons,2011,Sinhala,Zambia,2,166
Buffy the vampire slayer: season 5,2021,Marathi,Vanuatu,8,119
Before stonewall,1998,Marshallese,South Georgia and the South Sandwich Islands,19,114
Light keeps me company,1977,Chuvash,United States Virgin Islands,15,288
Hardcore,1954,Fulah,Montenegro,7,29
Punch-drunk love,1969,Gujarati,Pitcairn Islands,3,140
Typhoid mary: the most dangerous woman in america: nova,1971,Turkish,Cape Verde,12,255
Queens logic,1960,Tatar,Cayman Islands,9,11
Hard target,2017,Armenian,Iceland,1,4
Backflash,1918,Slovenian,Vanuatu,5,274
Today you die,2010,Mongolian,Ecuador,10,272
Pink flamingos,1949,Rundi,Puerto Rico,25,27
Lord of the rings: the return of the king: bonus material,2020,"Sotho, Southern",Russian Federation,15,120
Absence of malice,1942,Icelandic,Jordan,25,76
Flame of barbary coast,1938,Malay,Argentina,6,219
Vaastav,2022,Abkhazian,Antigua and Barbuda,20,32
Deterrence,1959,Bambara,Bhutan,18,10
Backflash,2000,Marshallese,South Georgia and the South Sandwich Islands,15,114
It's a gift,1968,Gujarati,Pitcairn Islands,23,140
The terror,1933,Hiri Motu,Marshall Islands,5,210
The jamie kennedy experiment: season 3,2007,Mongolian,Ecuador,6,234
Jockey,2002,Catalan,Marshall Islands,6,37
Maid to order,1994,Chuvash,United States Virgin Islands,19,220
Night train to terror,1991,Corsican,French Southern Territories,2,135
Baron blood,1970,Manx,Colombia,14,103
3 ninjas,2021,Abkhazian,Antigua and Barbuda,6,267
A christmas carol,1960,Navajo,Mauritius,6,146
Travel the world by train: australia & new zealand,2000,Xhosa,Rwanda,14,235
Stanley & iris,1946,Afrikaans,Vanuatu,1,271
Spongebob squarepants: tales from the deep,2017,Navajo,Heard Island and McDonald Islands,13,215
Reign: the conqueror,2008,Wolof,Sierra Leone,5,85
Fearless hyena 2,1993,Yiddish,Nepal,1,174
Classic mystery movies: and then there were none / cry panic / the bat,2005,Marshallese,South Georgia and the South Sandwich Islands,14,95
Hello brother,1933,Hiri Motu,Marshall Islands,11,169
Corky romano,1986,Chuvash,United States Virgin Islands,6,44
The rainbow fish / dazzle the dinosaur,1961,Marathi,Poland,6,278
Patlabor 2: the movie,2010,Persian,Reunion,21,243
Satyam,1976,Gaelic,Yemen,14,213
Samantha: an american girl holiday,2015,Ndonga,Anguilla,6,139
Shatter dead,2000,Marathi,Poland,25,141
Panic,1967,Fulah,Montenegro,15,29
Hote hote pyaar ho gaya,1999,Marshallese,South Georgia and the South Sandwich Islands,6,164
Scooby-doo and the cyber chase,1996,Catalan,Swaziland,7,92
Il posto,1987,Marathi,Tokelau,13,168
Vampires: the turning,1925,Akan,Niger,6,201
Midsomer murders: death's shadow,2000,Catalan,Swaziland,24,68
See no evil,2011,Walloon,Ireland,7,190
A hearty response,1927,Nauru,Taiwan,10,149
Black and white,1988,Navajo,Mauritius,17,146
The bunker,1972,Faroese,Cambodia,3,242
Introducing dorothy dandridge,1957,Tatar,Cayman Islands,10,54
Quincy,1963,Xhosa,Rwanda,14,156
Dark shadows: vol. 5,1957,Tatar,Cayman Islands,6,129
Strait jacket,2007,Ndonga,Anguilla,4,139
Doctor who: resurrection of the daleks,1978,Polish,Bulgaria,4,132
The lost prince,1920,Oromo,Mongolia,9,250
7 girls: white knuckle extreme,2018,Marathi,Vanuatu,12,270
Goldfinger,2007,Avaric,Nauru,1,133
Ali g indahouse,1992,Yiddish,Nepal,18,75
Dario argento collection: vol. 1: inferno,1996,Sichuan Yi,Liechtenstein,15,285
Gall force: vol. 1: eternal story,1937,Malay,Argentina,20,51
The enigma of kaspar hauser,1999,Xhosa,Rwanda,13,188
The avenging fist,2019,Armenian,Iceland,1,4
It's the great pumpkin,2000,Catalan,Swaziland,3,68
Crosby,2021,Marathi,Vanuatu,24,196
Neverland,2013,Venda,Poland,14,79
Bonnie and clyde,2012,Avaric,Hungary,8,91
Night flier,1983,Ossetian,Georgia,3,223
Rocky & bullwinkle & friends: season 1,1994,Ossetian,Georgia,21,182
Bulletproof,1959,Tatar,Cayman Islands,1,129
Tipping the velvet,1921,Oromo,Mongolia,12,98
Pipe dream,1963,Sichuan Yi,Saint Pierre and Miquelon,15,137
Without a trace: season 1,1978,Polish,Bulgaria,21,222
Pirates of the xxth century,1966,Gujarati,Pitcairn Islands,23,284
Spongebob squarepants: sea stories,2019,Armenian,Iceland,9,28
Dracula vs. frankenstein,1958,Twi,India,4,58
Dead can dance: toward the within,1967,Gujarati,Pitcairn Islands,24,126
Nostradamus: his life and prophecies,1913,Twi,Hong Kong,21,158
Dr. seuss: the lorax,1976,Sichuan Yi,Luxembourg,20,12
Thrashin',2001,Avaric,Nauru,3,228
The simpsons: christmas 2,2005,Chinese,Estonia,8,254
Repo man,2010,Mongolian,Ecuador,22,107
Gardens of the world with audrey hepburn,1998,Pali,Dominican Republic,15,13
Wattstax,2020,Nepali,Cook Islands,20,123
Sam kinison: breaking the rules,2009,Slovak,Saint Kitts and Nevis,15,280
Hidden hawaii: imax,2017,Kinyarwanda,Guinea,18,101
Fantasy mission force,1927,Kannada,Philippines,19,177
The inspector lynley mysteries: well-schooled in murder,1975,Amharic,Dominican Republic,3,134
Mango souffle,2010,Walloon,Ireland,2,190
Chameli,1960,Lao,Jersey,7,1
The king and i,1979,Manx,Colombia,15,103
Chasing destiny,1983,Marathi,Poland,22,278
First degree,2014,Haitian,Romania,23,52
Muscle beach party / ski party: double feature,1932,Icelandic,Jordan,1,237
Quai des orfevres,1987,Serbian,Benin,14,117
Jerome,1925,Oromo,Mongolia,17,250
The adventures of pete & pete: season 1,1971,Kannada,Luxembourg,11,298
Shiri,1978,Manx,Colombia,13,103
Ai yori aoshi: enishi,2008,Navajo,Heard Island and McDonald Islands,23,215
Chariots of the gods,2021,Nepali,Cook Islands,11,123
Quantum leap: season 1,2014,Venda,Poland,14,264
Dragon ball z: the world's strongest,1974,Polish,Bulgaria,22,222
The murder room,1970,Gaelic,Yemen,22,213
Family guy: live in las vegas,1979,Xhosa,Rwanda,16,156
Outlaw star: vol. 2,1989,Indonesian,Seychelles,10,202
From hell: bonus material,2015,Venda,Poland,1,264
11:14,1911,Swahili,Papua New Guinea,15,60
The house of eliott: series 1,1993,Polish,Bulgaria,16,132
Squanto: a warrior's tale,1937,Nauru,Taiwan,12,16
Jennifer 8,1982,Faroese,Cambodia,21,26
Dragon tales: adventures in dragon land,1961,Faroese,Cambodia,10,241
Jason goes to hell,1963,Serbian,Benin,2,7
Never been kissed,1955,Fulah,Montenegro,8,30
Deepstar six,2020,"Sotho, Southern",Russian Federation,21,261
Anne of green gables: the sequel,1968,Kongo,Kyrgyz Republic,15,246
The corporation,1935,Malay,Argentina,3,219
Body shots,1965,Oromo,Mongolia,6,250
Wrong guy,2004,Mongolian,Ecuador,6,111
In too deep,1965,Fulah,Montenegro,7,269
Gay weddings,1982,Xhosa,Rwanda,6,290
Oasis of the zombies,1968,Turkish,Cape Verde,4,130
The slaughterhouse massacre,1980,Marathi,Tokelau,12,181
Are we there yet?,1968,Chuvash,United Kingdom,7,104
Jerry maguire,1970,Lao,Jersey,9,155
The worst horror movie ever made,2008,Mongolian,Ecuador,9,55
Tank,1979,Faroese,Cambodia,10,2
My name is nobody,1991,Corsican,French Southern Territories,14,66
Extreme engineering: tokyo's sky city,1960,Sardinian,Czech Republic,20,5
Getting even with dad,1998,Hausa,Turkey,12,50
Monster,1987,Xhosa,Rwanda,13,235
A pyromaniac's love story,1973,Turkish,Cape Verde,24,65
I like it like that,2000,Hausa,Turkey,5,184
Brigadoon,1965,Chuvash,United States Virgin Islands,2,288
Little house on the prairie: season 9,1960,Kashmiri,Netherlands,15,204
Vampires anonymous,1998,Hausa,Turkey,11,184
Burn the floor,1987,Marathi,Tokelau,10,41
New york,1962,Cornish,Paraguay,6,282
The glass bottom boat,1947,Afrikaans,Vanuatu,11,46
Sandbaggers: collection 1,1962,Bashkir,Reunion,17,233
Finding graceland,1910,Swahili,Papua New Guinea,23,195
Meantime,1933,Hiri Motu,Marshall Islands,16,169
The road to hong kong,2019,Armenian,Iceland,7,35
Strawberry shortcake: adventures on ice cream island,1980,Amharic,Dominican Republic,4,134
The trial of the incredible hulk,1914,Twi,Hong Kong,7,147
Ivan the terrible,1933,Twi,Mongolia,17,90
He loves me,1964,Xhosa,Rwanda,17,70
Totally blonde,1994,Afrikaans,Chad,19,227
The peter rabbit collection: the tale of the flopsy bunnies and mrs. tittlemouse / the tale of pigling bland,2022,Abkhazian,Antigua and Barbuda,12,63
Children of a lesser god,2015,Kinyarwanda,Guinea,10,249
Area 51,1971,Sardinian,Czech Republic,2,5
Dragon ball z: lord slug,2006,Mongolian,Ecuador,1,107
Linkin park: live in texas,1998,Slovak,Saint Kitts and Nevis,16,57
When beckham met owen,1914,Sichuan Yi,Saint Pierre and Miquelon,1,18
The stuff,1974,Sichuan Yi,Luxembourg,1,263
Khuda gawah,1959,Sardinian,Czech Republic,2,178
Ghost stories #3,1992,Faroese,Cambodia,17,241
Bojangles,1976,Navajo,Mauritius,17,146
Xanadu,1958,Uighur,Guatemala,25,78
Max,1969,Kongo,Kyrgyz Republic,8,173
Supernova,1950,Afrikaans,Vanuatu,22,295
Goldfinger,1954,Rundi,Puerto Rico,8,27
Nightmare alley,1974,Sichuan Yi,Saint Pierre and Miquelon,12,131
Star trek: insurrection,2003,Avaric,Nauru,13,109
Attack of the 60 foot centerfold,1909,Twi,Hong Kong,20,158
Ankur,1957,Javanese,Saint Vincent and the Grenadines,2,127
Justice league unlimited: joining forces,1969,Faroese,Cambodia,22,2
Cocktail,1998,Yiddish,Nepal,1,218
Red dwarf: series 2,1932,Hiri Motu,Marshall Islands,18,169
Kilimanjaro: to the roof of africa: imax,1937,Sichuan Yi,Saint Pierre and Miquelon,1,131
Cyrano de bergerac,2009,Sinhala,Zambia,14,166
The biggest fan,1978,Sichuan Yi,Saint Pierre and Miquelon,5,137
The best of andy williams: christmas shows,1938,Lao,Jersey,2,155
In too deep,1945,Afrikaans,Vanuatu,6,295
The big blue,1972,Faroese,Cambodia,6,242
P.d. james: original sin,1958,Uighur,Guatemala,19,78
Gozu,1933,Hiri Motu,Marshall Islands,8,210
Straight men and the men who love them,2008,Ukrainian,Saint Barthelemy,9,122
Tumbleweeds,1983,Pali,Dominican Republic,7,13
Boa vs. python,2013,Persian,Reunion,4,243
Shake,1983,Marathi,Poland,10,115
Play for me,1993,Hindi,Comoros,23,194
The substitute/the substitute 3,2008,Mongolian,Ecuador,25,143
Storm chasers,1997,Wolof,Sierra Leone,23,87
Witness to a kill,1985,Catalan,Marshall Islands,18,266
The best of tina turner: celebrate!,1933,Lao,Jersey,25,1
Once upon a time in china,1965,Fulah,Montenegro,6,269
Lisa lampanelli: the queen of mean,1992,Indonesian,Seychelles,20,202
Jackson county jail,2004,Slovak,Saint Kitts and Nevis,25,258
The secret lives of adult stars,1933,Twi,Mongolia,1,90
Clarissa,1997,Slovak,Saint Kitts and Nevis,12,142
Nowhere in africa,2011,Slovak,Saint Kitts and Nevis,17,142
Drug wars: the camarena story,1905,Twi,Hong Kong,19,147
Broadway's lost treasures ii,2020,Marathi,Vanuatu,18,119
The larry sanders show: season 1,2001,Quechua,Monaco,14,245
Highlander,1964,Xhosa,Rwanda,18,70
Boat trip,1930,Lao,Jersey,23,170
The man with the golden arm: 50th anniversary special edition,2020,Marathi,Vanuatu,13,163
Island of the dead,2021,Abkhazian,Antigua and Barbuda,10,154
Sexmission,2011,Ndonga,Anguilla,10,251
The nutcracker (baryshnikov),2021,Marathi,Vanuatu,21,196
Killing grounds,2022,Abkhazian,Antigua and Barbuda,2,38
Judas priest: electric eye,2006,Walloon,Ireland,19,260
Backbeat,1935,Persian,Greenland,3,268
Convoy,1930,Kannada,Philippines,12,177
Barbie and the magic of pegasus,2021,Abkhazian,Antigua and Barbuda,23,38
In the time of the butterflies,2021,Nepali,Cook Islands,3,144
Tough guys don't dance,1918,Slovenian,Vanuatu,9,274
The true story of private ryan,1958,Fulah,Montenegro,25,269
Maxim: the real swimsuit dvd: vol. 1,1992,Avaric,Nauru,5,228
Scarecrow,1975,Turkmen,Kazakhstan,17,88
Nothing sacred,1986,Catalan,Swaziland,9,93
House of wax / the mystery of the wax museum,1945,Igbo,Ghana,12,297
Gay games vi: sydney 2002: under new skies,1947,Esperanto,Ethiopia,13,253
Annie: special anniversary edition,1933,Hiri Motu,Marshall Islands,24,294
Gorillas in the mist,1987,Catalan,Swaziland,12,92
Odin: photon space sailer starlight,1999,Avaric,Nauru,3,17
Fly away home,1955,Rundi,Puerto Rico,20,102
Blood relic,1945,Afrikaans,Vanuatu,25,46
Kizuna,2000,Marshallese,South Georgia and the South Sandwich Islands,4,95
Nature: dogs,2011,Sinhala,Zambia,23,166
The first 9 1/2 weeks,2013,Rundi,Sweden,4,151
H.g. wells' war of the worlds,1918,Slovenian,Vanuatu,15,274
Islands in the stream,2004,Slovak,Saint Kitts and Nevis,21,142
Flint the time detective: vol. 1: the blast from the past,1980,Bambara,Bhutan,2,72
Le magnifique,1918,Slovenian,Vanuatu,1,274
Battle beyond the stars,1975,Manx,Colombia,1,103
The everlasting secret family,1958,Faroese,Cambodia,3,26
Pitch,1968,Pali,Dominican Republic,3,67
Akira,2022,Abkhazian,Antigua and Barbuda,6,32
Alaap,2022,Abkhazian,Antigua and Barbuda,1,267
Stone reader,1970,Gujarati,Pitcairn Islands,16,183
Ricochet river,1982,Kongo,Kyrgyz Republic,9,246
Flame of recca,1970,Icelandic,Jordan,20,237
La ley de herodes,1947,Afrikaans,Vanuatu,23,295
3-2-1 penguins: trouble on planet wait-your-turn,2021,Marathi,Vanuatu,9,163
Funny ladies of british comedy,1944,Indonesian,Seychelles,5,231
Proof of life,1964,Bambara,Bhutan,3,84
Mystic pizza,1999,Sichuan Yi,Liechtenstein,13,136
Autumn sonata,2021,Abkhazian,Antigua and Barbuda,9,63
Come undone,1969,Turkish,Cape Verde,4,112
Task force,1981,Chuvash,United Kingdom,5,104
The winds of war,1999,Sichuan Yi,Liechtenstein,2,136
Elvira,2018,Marathi,Vanuatu,11,36
Gentlemen of fortune,1936,Malay,Argentina,14,51
Dead ringers,1988,Ossetian,Georgia,14,24
Incubus: the morning view sessions,1912,Swahili,Papua New Guinea,5,195
In july,1991,Corsican,French Southern Territories,11,197
Macgyver: season 1,2007,Xhosa,Rwanda,12,290
Deewana mastana,2002,Mongolian,Ecuador,15,234
13th child: legend of the jersey devil,2001,Ossetian,Georgia,12,24
Wanted: dead or alive: season 1,2003,Catalan,Marshall Islands,2,37
Hidden fortress,1954,Twi,Mongolia,6,281
To the lighthouse,1938,Persian,Greenland,14,209
Yaadon ki baaraat,1914,Belarusian,Paraguay,16,286
Mallrats,2013,Marathi,Tokelau,15,168
The hand that rocks the cradle,1903,Romansh,Korea,11,25
Nightwatch,1933,Hiri Motu,Marshall Islands,8,294
Stranger than fiction,1941,Lao,Jersey,19,1
The mysterians,2000,Hausa,Turkey,1,50
Understanding the universe,1969,Lao,Jersey,17,170
Miss marple: collection 1,1951,Sichuan Yi,Luxembourg,16,263
Little house on the prairie: season 9,2020,Armenian,Iceland,12,162
Earth vs. the flying saucers,1933,Hiri Motu,Marshall Islands,24,169
Casey's shadow,1935,Malay,Argentina,11,51
No end,1910,Belarusian,Paraguay,6,83
Ocean's eleven,1941,Marathi,Poland,17,115
The caveman's valentine,2012,Slovak,Saint Kitts and Nevis,9,252
The punisher,1911,Swahili,Papua New Guinea,20,195
Heaven,1943,Bashkir,Nauru,12,89
National lampoon's blackball,1982,Hindi,Comoros,12,194
Buffy the vampire slayer: season 7,1978,Komi,Indonesia,16,40
The war of the worlds,1959,Rundi,Puerto Rico,21,225
Devdas,1985,Pali,Dominican Republic,7,13
Sesame street: elmo saves christmas,1919,Akan,Niger,25,201
State fair,2020,Marathi,Vanuatu,12,270
Eurythmics: greatest hits,2021,Abkhazian,Antigua and Barbuda,23,154
Straight to hell,1953,Indonesian,Seychelles,13,231
Island girl dance fitness workout for beginners: hula,2001,Turkmen,Kazakhstan,7,180
Unsolved mysteries: bizarre murders,1947,Rundi,Puerto Rico,2,27
Eloise at the plaza,2001,Hausa,Turkey,23,50
Spring symphony,1967,Marathi,Poland,2,141
The survivors,1944,Esperanto,Ethiopia,20,253
Truth be told,2020,Armenian,Iceland,12,265
Throwdown,1937,Malay,Argentina,6,21
Bob the builder: bob saves the day!,2021,Abkhazian,Antigua and Barbuda,3,267
The white river kid,1918,Slovenian,Vanuatu,17,105
Superfly,1944,Igbo,Ghana,16,297
Sex and lucia,1948,Igbo,Ghana,6,226
The indian fighter,1965,Pali,Dominican Republic,20,124
Eminem: the slim shady show uncut,1936,Kannada,Philippines,13,177
Collateral damage,1974,Amharic,Dominican Republic,23,134
Swimfan,1999,Mongolian,Ecuador,24,143
Naked killer,1970,Turkish,Cape Verde,21,65
Destination tokyo,1970,Fulah,Montenegro,7,29
A walk in the clouds,1983,Pali,Dominican Republic,4,67
Les carabiniers,2020,"Sotho, Southern",Russian Federation,14,171
The recruit,2021,Abkhazian,Antigua and Barbuda,2,267
Cheers: season 1,1921,Tibetan,Saint Martin,3,224
Incognito,2014,Venda,Poland,4,264
Agent cody banks 2: destination london,1992,Corsican,French Southern Territories,1,135
Genesis: the way we walk: live in concert,1931,Belarusian,Paraguay,1,286
Frasier: season 3,1998,Ossetian,Georgia,21,182
The west wing: season 2,2018,Armenian,Iceland,2,162
Spriggan,2018,Quechua,Monaco,10,245
The three musketeers,1990,Catalan,Swaziland,23,93
Take me out to the ball game,2016,Venda,Poland,4,264
Dance with me,1974,Bashkir,Nauru,6,89
Doctor who: the visitation,1962,Cornish,Paraguay,24,282
Tour of duty: season 3,2018,Marathi,Vanuatu,25,119
Horns and halos,1938,Malay,Argentina,4,51
The boondock saints,1981,Manx,Colombia,10,103
Breakin' 2: electric boogaloo,1944,Twi,Mongolia,5,281
Hanzo the razor: sword of justice,2015,Kinyarwanda,Guinea,18,101
